Gender,ChartType
Female,Bar Chart
Male,Line Graph
Female,Pie Chart
Male,Line Graph
Female,Bar Chart
Male,Scatter Plot
Female,Pie Chart
Male,Line Graph
Female,Pie Chart
Male,Scatter Plot
Female,Bar Chart
Male,Line Graph
Female,Bar Chart
Male,Scatter Plot
Female,Pie Chart
Male,Line Graph
Female,Bar Chart
Male,Scatter Plot
Female,Pie Chart
Male,Line Graph
Female,Bar Chart
Male,Scatter Plot
Female,Bar Chart
Male,Line Graph
Male,Scatter Plot
Female,Pie Chart
Male,Line Graph
Female,Pie Chart
Male,Scatter Plot
Female,Bar Chart
Male,Line Graph
Female,Bar Chart
Male,Scatter Plot
Female,Pie Chart
Male,Line Graph
Female,Bar Chart
Male,Scatter Plot
Female,Pie Chart
Male,Line Graph
Female,Bar Chart
Male,Scatter Plot
Female,Bar Chart
Male,Line Graph
Male,Scatter Plot
Female,Pie Chart
Male,Line Graph
Female,Pie Chart
Male,Scatter Plot
Female,Bar Chart
Male,Line Graph
Female,Bar Chart
Male,Scatter Plot
Female,Pie Chart
Male,Line Graph
Female,Bar Chart
Male,Scatter Plot
Female,Pie Chart
Male,Line Graph
Female,Bar Chart
Male,Scatter Plot
Female,Bar Chart
Male,Line Graph
Male,Scatter Plot
Female,Pie Chart
Male,Line Graph
Female,Pie Chart
Male,Scatter Plot
Female,Bar Chart
Male,Line Graph
Female,Bar Chart
Male,Scatter Plot
Female,Pie Chart
Male,Line Graph
Female,Bar Chart
Male,Scatter Plot
Female,Pie Chart
Male,Line Graph
Female,Bar Chart
Male,Scatter Plot
Female,Bar Chart
Male,Line Graph
Male,Scatter Plot
Female,Pie Chart
Male,Line Graph
Female,Pie Chart
Male,Scatter Plot
Female,Bar Chart
Male,Line Graph
Female,Bar Chart
Male,Scatter Plot
Female,Pie Chart
Male,Line Graph
Female,Bar Chart
Male,Scatter Plot
Female,Pie Chart
Male,Line Graph
Female,Bar Chart
Male,Scatter Plot
Female,Bar Chart
Male,Line Graph
Male,Scatter Plot
Female,Pie Chart
Male,Line Graph
Female,Pie Chart
Male,Scatter Plot
Female,Bar Chart
Male,Line Graph
Female,Bar Chart
Male,Scatter Plot
Female,Pie Chart
Male,Line Graph
Female,Bar Chart
Male,Scatter Plot
Female,Pie Chart
Male,Line Graph
Female,Bar Chart
Male,Scatter Plot
Female,Bar Chart
Male,Line Graph
Male,Scatter Plot
Female,Pie Chart
Male,Line Graph
Female,Pie Chart
Male,Scatter Plot
Female,Bar Chart
Male,Line Graph
Female,Bar Chart
Male,Scatter Plot
Female,Pie Chart
Male,Line Graph
Female,Bar Chart
Male,Scatter Plot
Female,Pie Chart
Male,Line Graph
Female,Bar Chart
Male,Scatter Plot
Female,Bar Chart
Male,Line Graph
Male,Scatter Plot
Female,Pie Chart
Male,Line Graph
Female,Pie Chart
Male,Scatter Plot
Female,Bar Chart
Male,Line Graph
Female,Bar Chart
Male,Scatter Plot
Female,Pie Chart
Male,Line Graph
Female,Bar Chart
Male,Scatter Plot
Female,Pie Chart
Male,Line Graph
Female,Bar Chart
Male,Scatter Plot
Female,Bar Chart
Male,Line Graph
Male,Scatter Plot
Female,Pie Chart
Male,Line Graph
Female,Pie Chart
Male,Scatter Plot
Female,Bar Chart
Male,Line Graph
Female,Bar Chart
Male,Scatter Plot
Female,Pie Chart
Male,Line Graph
Female,Bar Chart
Male,Scatter Plot
Female,Pie Chart
Male,Line Graph
Female,Bar Chart
Male,Scatter Plot
Female,Bar Chart
Male,Line Graph
Male,Scatter Plot
Female,Pie Chart
Male,Line Graph
Female,Pie Chart
Male,Scatter Plot
Female,Bar Chart
Male,Line Graph
Female,Bar Chart
Male,Scatter Plot
Female,Pie Chart
Male,Line Graph
Female,Bar Chart
Male,Scatter Plot
Female,Pie Chart
Male,Line Graph
Female,Bar Chart
Male,Scatter Plot
Female,Bar Chart
Male,Line Graph
Male,Scatter Plot
Female,Pie Chart
Male,Line Graph
Female,Pie Chart
Male,Scatter Plot
Female,Bar Chart
Male,Line Graph
Female,Bar Chart
Male,Scatter Plot
Female,Pie Chart
Male,Line Graph
Female,Bar Chart
Male,Scatter Plot
Female,Pie Chart
Male,Line Graph
Female,Bar Chart
Male,Scatter Plot
Female,Bar Chart
Male,Line Graph
Male,Scatter Plot
Female,Pie Chart
Male,Line Graph
Female,Pie Chart
Male,Scatter Plot
Female,Bar Chart
Male,Line Graph
Female,Bar Chart
Male,Scatter Plot
Female,Pie Chart
Male,Line Graph
Female,Bar Chart
Male,Scatter Plot
Female,Pie Chart
Male,Line Graph
Female,Bar Chart
Male,Scatter Plot
Female,Bar Chart
Male,Line Graph
Male,Scatter Plot
Female,Pie Chart
Male,Line Graph
Female,Pie Chart
Male,Scatter Plot
Female,Bar Chart
Male,Line Graph
Female,Bar Chart
Male,Scatter Plot
Female,Pie Chart
Male,Line Graph
Female,Bar Chart
Male,Scatter Plot
Female,Pie Chart
Male,Line Graph
Female,Bar Chart
Male,Scatter Plot
Female,Bar Chart
Male,Line Graph
Male,Scatter Plot
Female,Pie Chart
Male,Line Graph
Female,Pie Chart
Male,Scatter Plot
Female,Bar Chart
Male,Line Graph
Female,Bar Chart
Male,Scatter Plot
Female,Pie Chart
Male,Line Graph
Female,Bar Chart
Male,Scatter Plot
Female,Pie Chart
Male,Line Graph
Female,Bar Chart
Male,Scatter Plot
Female,Bar Chart
Male,Line Graph
Male,Scatter Plot
Female,Pie Chart
Male,Line Graph
Female,Pie Chart
Male,Scatter Plot
Female,Bar Chart
Male,Line Graph
Female,Bar Chart
Male,Scatter Plot
Female,Pie Chart
Male,Line Graph
Female,Bar Chart
Male,Scatter Plot
Female,Pie Chart
Male,Line Graph
Female,Bar Chart
Male,Scatter Plot
Female,Bar Chart
Male,Line Graph
Male,Scatter Plot
Female,Pie Chart
Male,Line Graph
Female,Pie Chart
Male,Scatter Plot
Female,Bar Chart
Male,Line Graph
Female,Bar Chart
Male,Scatter Plot
Female,Pie Chart
Male,Line Graph
Female,Bar Chart
Male,Scatter Plot
Female,Pie Chart
Male,Line Graph
Female,Bar Chart
Male,Scatter Plot
Female,Bar Chart
Male,Line Graph
Male,Scatter Plot
Female,Pie Chart
Male,Line Graph
Female,Pie Chart
Male,Scatter Plot
Female,Bar Chart
Male,Line Graph
Female,Bar Chart
Male,Scatter Plot
Female,Pie Chart
Male,Line Graph
Female,Bar Chart
Male,Scatter Plot
Female,Pie Chart
Male,Line Graph
Female,Bar Chart
Male,Scatter Plot
Female,Bar Chart
Male,Line Graph
Male,Scatter Plot
Female,Pie Chart
Male,Line Graph
Female,Pie Chart
Male,Scatter Plot
Female,Bar Chart
Male,Line Graph
Female,Bar Chart
Male,Scatter Plot
Female,Pie Chart
Male,Line Graph
Female,Bar Chart
Male,Scatter Plot
Female,Pie Chart
Male,Line Graph
Female,Bar Chart
Male,Scatter Plot
Female,Bar Chart
Male,Line Graph
Male,Scatter Plot
Female,Pie Chart
Male,Line Graph
Female,Pie Chart
Male,Scatter Plot
Female,Bar Chart
Male,Line Graph
Female,Bar Chart
Male,Scatter Plot
Female,Pie Chart
Male,Line Graph
Female,Bar Chart
Male,Scatter Plot
Female,Pie Chart
Male,Line Graph
Female,Bar Chart
Male,Scatter Plot
Female,Bar Chart
Male,Line Graph
Male,Scatter Plot
Female,Pie Chart
Male,Line Graph
Female,Pie Chart
Male,Scatter Plot
Female,Bar Chart
Male,Line Graph
Female,Bar Chart
Male,Scatter Plot
Female,Pie Chart
Male,Line Graph
Female,Bar Chart
Male,Scatter Plot
Female,Pie Chart
Male,Line Graph
Female,Bar Chart
Male,Scatter Plot
Female,Bar Chart
Male,Line Graph
Male,Scatter Plot
Female,Pie Chart
Male,Line Graph
Female,Pie Chart
Male,Scatter Plot
Female,Bar Chart
Male,Line Graph
Female,Bar Chart
Male,Scatter Plot
Female,Pie Chart
Male,Line Graph
Female,Bar Chart
Male,Scatter Plot
Female,Pie Chart
Male,Line Graph
Female,Bar Chart
Male,Scatter Plot
Female,Bar Chart
Male,Line Graph
Male,Scatter Plot